SeqSple,Accession,lib_type,total_reads,t7_reads,t7_normalized_reads,ecoli_reads,ecoli_normalized_reads,ecoli_coverage,Human,Bacteria,Virus,Parasite,Fungus,Unclassified
200119-2-1-IDBD-D101300-d-01-AH2N3HAFX2-TGTCGCTGGT-AGTCAGACGA-5e25ff83,IDBD-D101300,dna,2644024,,,18744,70891.94349219221,0.0,5302.523728982793,9005319.165030273,276.0943168443252,4485.58712023794,116243.27161931964,868373.3581843432
200119-2-1-IDBD-D101300-r-01-AH2N3HAFX2-GACTGAGTAG-CACTATCAAC-5e25ff83,IDBD-D101300,rna,2644024,0.0,0.0,0,0.0,1.0,,,,,,
200119-2-1-IDBD-D101301-d-02-AH2N3HAFX2-ACCGTTACAA-TCGCTATGAG-5e25ff83,IDBD-D101301,dna,2533305,,,0,0.0,0.0,4667460.096593185,4572698.510443867,663.1653117173021,20518.650537538906,46255.780492281825,692403.7966214096
200119-2-1-IDBD-D101301-r-02-AH2N3HAFX2-AGTCAGACGA-TGTCGCTGGT-5e25ff83,IDBD-D101301,rna,2533305,0.0,0.0,0,0.0,0.993522,,,,,,
200119-2-1-IDBD-D101302-d-03-AH2N3HAFX2-TATGCCTTAC-TAATGTGTCT-5e25ff83,IDBD-D101302,dna,3068564,,,0,0.0,0.0,5224665.348351868,3746250.6892474787,488.8279990249511,23385.53147335366,44522.45415119254,960687.1487770827
200119-2-1-IDBD-D101302-r-03-AH2N3HAFX2-CCGTATGTTC-ACAGTGTATG-5e25ff83,IDBD-D101302,rna,3068564,0.0,0.0,0,0.0,0.999201,,,,,,
200119-2-1-IDBD-D101303-d-04-AH2N3HAFX2-ACAAGTGGAC-AACATCGCGC-5e25ff83,IDBD-D101303,dna,6529485,,,0,0.0,0.0,9287220.967656715,41724.57705316729,827.017751017117,112747.02369329281,487.02156448785775,556993.3922813208
200119-2-1-IDBD-D101303-r-04-AH2N3HAFX2-GAGTCATAGG-AGCGCCACAC-5e25ff83,IDBD-D101303,rna,6529485,0.0,0.0,0,0.0,1.0,,,,,,
200119-2-1-IDBD-D101304-d-05-AH2N3HAFX2-TGGTACCTAA-AGTACTCATG-5e25ff83,IDBD-D101304,dna,2599261,,,0,0.0,0.0,9287170.468837105,69038.85373573488,1007.9788062837861,98251.00288120355,673.2682866399334,543858.4274530337
200119-2-1-IDBD-D101304-r-05-AH2N3HAFX2-CTTGCCATTA-CCTTCGTGAT-5e25ff83,IDBD-D101304,rna,2599261,0.0,0.0,0,0.0,1.0,,,,,,
200119-2-1-IDBD-D101305-d-06-AH2N3HAFX2-TTGGAATTCC-GTATTGACGT-5e25ff83,IDBD-D101305,dna,3245541,,,0,0.0,0.0,9338098.024335543,84149.29899206327,948.9943279102005,80658.35557153645,736.3949492549932,495408.93182369287
200119-2-1-IDBD-D101305-r-06-AH2N3HAFX2-GAAGCGGCAC-AGTAGAGCCG-5e25ff83,IDBD-D101305,rna,3245541,0.0,0.0,0,0.0,1.0,,,,,,
200119-2-1-IDBD-D101306-d-07-AH2N3HAFX2-CCTCTACATG-AGGAGGTATC-5e25ff83,IDBD-D101306,dna,2805886,,,22096,78748.7446033089,0.0,8336.047865095019,9514777.150604123,0.0,163.94108670131288,121890.19796242613,354832.6624816546
200119-2-1-IDBD-D101306-r-07-AH2N3HAFX2-TCCATTGCCG-TCGTGCATTC-5e25ff83,IDBD-D101306,rna,2805886,0.0,0.0,0,0.0,0.758649,,,,,,
200119-2-1-IDBD-D101307-d-08-AH2N3HAFX2-GGAGCGTGTA-ACTTACGGAT-5e25ff83,IDBD-D101307,dna,2402329,,,0,0.0,0.0,9732954.978273168,20330.271166022638,33.301017470962556,27631.519246531177,1040.6567959675797,218009.27350084024
200119-2-1-IDBD-D101307-r-08-AH2N3HAFX2-CGGTTACGGC-CTATAGTCTT-5e25ff83,IDBD-D101307,rna,2402329,0.0,0.0,0,0.0,0.859087,,,,,,
200119-2-1-IDBD-D101308-d-09-AH2N3HAFX2-GTCCGTAAGC-AAGATACACG-5e25ff83,IDBD-D101308,dna,2074461,,,0,0.0,0.0,9714152.25448924,33979.91092625988,28.923175706846262,26570.757416022763,737.5409805245796,224530.61301224752
200119-2-1-IDBD-D101308-r-09-AH2N3HAFX2-GAGAATGGTT-TTGCTGCCGA-5e25ff83,IDBD-D101308,rna,2074461,0.0,0.0,0,0.0,0.852554,,,,,,
200119-2-1-IDBD-D101309-d-10-AH2N3HAFX2-ACTTCAAGCG-TTCATGGTTC-5e25ff83,IDBD-D101309,dna,3044064,,,0,0.0,0.0,9381258.081301838,38366.47324103567,890.257235064703,93233.91361022633,344.93361506196976,485906.34099677275
200119-2-1-IDBD-D101309-r-10-AH2N3HAFX2-AGAGGCAACC-CCATCATTAG-5e25ff83,IDBD-D101309,rna,3044064,0.0,0.0,0,0.0,0.914005,,,,,,
200119-2-1-IDBD-D101310-d-11-AH2N3HAFX2-TCAGAAGGCG-TATGATGGCC-5e25ff83,IDBD-D101310,dna,2585815,,,0,0.0,0.0,9511090.313885564,51770.911685484076,1148.5740472539605,50305.22291811286,464.07032212281234,385220.90714146214
200119-2-1-IDBD-D101310-r-11-AH2N3HAFX2-CCATCATTAG-AGAGGCAACC-5e25ff83,IDBD-D101310,rna,2585815,0.0,0.0,0,0.0,1.0,,,,,,
200119-2-1-IDBD-D101311-d-12-AH2N3HAFX2-GCGTTGGTAT-GGAAGTATGT-5e25ff83,IDBD-D101311,dna,2754005,,,0,0.0,0.0,9666896.029600527,37719.61198327527,762.5258487185027,28754.486647627728,406.6804526498681,265460.6654672014
200119-2-1-IDBD-D101311-r-12-AH2N3HAFX2-GATAGGCCGA-GCCATGTGCG-5e25ff83,IDBD-D101311,rna,2754005,0.0,0.0,0,0.0,1.0,,,,,,
200119-2-1-IDBD-D101312-d-13-AH2N3HAFX2-ACATATCCAG-ATTGCACATA-5e25ff83,IDBD-D101312,dna,3084100,1946.0,6309.78243247625,6020,19519.470834279044,0.0,6289971.142310561,2151058.6556856134,6844.784540060309,145786.45309814857,1731.4613663629584,1404607.5029992543
200119-2-1-IDBD-D101312-r-13-AH2N3HAFX2-ATGGTTGACT-AGGACAGGCC-5e25ff83,IDBD-D101312,rna,3084100,0.0,0.0,0,0.0,1.0,,,,,,
200119-2-1-IDBD-D101313-d-14-AH2N3HAFX2-TCATAGATTG-CACCTTAATC-5e25ff83,IDBD-D101313,dna,2982434,1727.0,5790.572398249215,7898,26481.72599963654,0.0,6106653.156448727,2406748.98421893,6327.046969019264,123908.86101754472,1606.0707462428338,1354755.8805995372
200119-2-1-IDBD-D101313-r-14-AH2N3HAFX2-TATTGCGCTC-CCTAACACAG-5e25ff83,IDBD-D101313,rna,2982434,0.0,0.0,0,0.0,1.0,,,,,,
200119-2-1-IDBD-D101314-d-15-AH2N3HAFX2-GTATTCCACC-TTGTCTACAT-5e25ff83,IDBD-D101314,dna,2080706,457.0,2196.3698859906203,4114,19772.135034935258,0.0,6446364.83962655,1365084.735661838,2350.1638386201607,256696.52512176154,1441.818305901939,1928061.9174453286
200119-2-1-IDBD-D101314-r-15-AH2N3HAFX2-ACGCCTTGTT-ACGTTCCTTA-5e25ff83,IDBD-D101314,rna,2080706,0.0,0.0,0,0.0,1.0,,,,,,
200119-2-1-IDBD-D101315-d-16-AH2N3HAFX2-CCTCCGTCCA-CACCGATGTG-5e25ff83,IDBD-D101315,dna,22680,,,0,0.0,0.0,2106261.0229276894,6804232.804232804,440.9171075837742,76278.65961199295,440.9171075837742,1012345.6790123457
200119-2-1-IDBD-D101315-r-16-AH2N3HAFX2-TTCTACATAC-TTACAGTTAG-5e25ff83,IDBD-D101315,rna,22680,0.0,0.0,0,0.0,1.0,,,,,,
200119-2-1-IDBD-D101316-d-17-AH2N3HAFX2-ACGGTCAGGA-AACGAGGCCG-5e25ff83,IDBD-D101316,dna,2327923,102510.0,440349.61637476843,0,0.0,0.0,48738.72546471683,8470297.342309002,418342.8747428502,1464.8250822729103,609796.801698338,451359.43070281966
200119-2-1-IDBD-D101316-r-17-AH2N3HAFX2-CATTAGTGCG-TATGTAGTCA-5e25ff83,IDBD-D101316,rna,2327923,0.0,0.0,0,0.0,0.6384,,,,,,
200119-2-1-IDBD-D101318-d-18-AH2N3HAFX2-GGCAAGCCAG-CGGATGCTTG-5e25ff83,IDBD-D101318,dna,2563123,80870.0,315513.535636019,0,0.0,0.0,41320.685741573856,8715262.591767933,300223.5944197762,1521.5812897001042,555267.9290069186,386403.61777409824
200119-2-1-IDBD-D101318-r-18-AH2N3HAFX2-GATCAAGGCA-ATTAACAAGG-5e25ff83,IDBD-D101318,rna,2563123,0.0,0.0,0,0.0,0.623558,,,,,,
