Accession,Seq Sple,Composition File,Batch ID,Run Date,Sample Name,Library Type,Total Reads,T7 Raw Reads,PR772 Raw Reads,T7 Normalized Reads,PR772 Normalized Reads,T7 + PR772 NR,Log10 T7 + PR772 NR,Total Reads (Composition File),T7 Raw Reads (Composition File),T4 Raw Reads (Composition File),T7 Normalized (Composition File),T4 Normalized (Composition File),T7 + PR772 NR (Composition File),Log10 T7 + PR772 NR (Composition File),Summary - Composition (log10),Human,Bacteria,Virus,Parasite,Fungus,Unclassified
IDBD-R101448,200128-1-1-IDBD-R101448-d-01-AH2M7LAFX2-CCGTATGTTC-ACAGTGTATG-5e31f8e7,200128-1-1-IDBD-R101448-d-01-AH2M7LAFX2-CCGTATGTTC-ACAGTGTATG-5e31f8e7.dna.sample_composition.out,200127B03,2020-01-28,ID-1,DNA,3303044,3765,19,11398.576585719113,57.52269724532886,11456.099282964442,4.0590367687431765,3303044,2939,19,8897.853010737974,57.52269724532886,8955.375707983303,3.9520838106742953,0.10695295806888128,0.7865774721741521,35.68138965148511,0.11462154303727108,0.08116755332354035,0.1130775127427912,63.22316626723713
IDBD-R101464,200128-1-1-IDBD-R101464-d-02-AH2M7LAFX2-GAGTCATAGG-AGCGCCACAC-5e31f8e7,200128-1-1-IDBD-R101464-d-02-AH2M7LAFX2-GAGTCATAGG-AGCGCCACAC-5e31f8e7.dna.sample_composition.out,200127B03,2020-01-28,ID-2,DNA,5313242,6169,38,11610.61363288177,71.5194226048804,11682.13305548665,4.067522148396961,5313242,4746,38,8932.399465335853,71.5194226048804,9003.918887940734,3.954431573991918,0.11309057440504278,0.5637047964312561,35.71226381181207,0.11522155399659945,0.08747954638618004,0.07697748380367392,63.44435280757022
IDBD-R101466,200128-1-1-IDBD-R101466-d-03-AH2M7LAFX2-CTTGCCATTA-CCTTCGTGAT-5e31f8e7,200128-1-1-IDBD-R101466-d-03-AH2M7LAFX2-CTTGCCATTA-CCTTCGTGAT-5e31f8e7.dna.sample_composition.out,200127B03,2020-01-28,ID-3,DNA,5857392,6946,42,11858.519969296916,71.7042670184956,11930.224236315413,4.076648606593998,5857392,5442,42,9290.824312253644,71.7042670184956,9362.52857927214,3.9713931564005795,0.1052554501934182,0.4379082021486696,35.69749130671125,0.11805595391259455,0.08006976483732009,0.08278428351730599,63.58369048887286
IDBD-R101467,200128-1-1-IDBD-R101467-d-04-AH2M7LAFX2-GAAGCGGCAC-AGTAGAGCCG-5e31f8e7,200128-1-1-IDBD-R101467-d-04-AH2M7LAFX2-GAAGCGGCAC-AGTAGAGCCG-5e31f8e7.dna.sample_composition.out,200127B03,2020-01-28,ID-4,DNA,4618569,4403,33,9533.255863450346,71.45070258774959,9604.706566038096,3.9824841012438235,4618569,3479,33,7532.636190993358,71.45070258774959,7604.086893581107,3.881047071000766,0.10143703024305761,0.8514542058373492,36.29446696585025,0.09648010022151883,0.08167031823060346,0.07452524797182851,62.601403161888456
IDBD-R101468,200128-1-1-IDBD-R101468-d-05-AH2M7LAFX2-TCCATTGCCG-TCGTGCATTC-5e31f8e7,200128-1-1-IDBD-R101468-d-05-AH2M7LAFX2-TCCATTGCCG-TCGTGCATTC-5e31f8e7.dna.sample_composition.out,200127B03,2020-01-28,ID-5,DNA,4914722,5040,29,10254.903532692184,59.00638937461773,10313.909922066801,4.013423334117413,4914722,3955,29,8047.250688848729,59.00638937461773,8106.257078223346,3.9088203726456725,0.10460296147174075,0.6158639288244584,36.11917418726838,0.10246764720364651,0.07703385868010439,0.07756288148139406,63.00789749654202
IDBD-R101469,200128-1-1-IDBD-R101469-d-06-AH2M7LAFX2-CGGTTACGGC-CTATAGTCTT-5e31f8e7,200128-1-1-IDBD-R101469-d-06-AH2M7LAFX2-CGGTTACGGC-CTATAGTCTT-5e31f8e7.dna.sample_composition.out,200127B03,2020-01-28,ID-6,DNA,4092691,2847,22,6956.303322190705,53.75436357154742,7010.057685762253,3.8457215917905034,4092691,2230,22,5448.7377620250345,53.75436357154742,5502.492125596582,3.7405594297238136,0.10516216206668982,0.4189419626353419,41.08384923269311,0.07080915710470202,0.07093132611281917,0.06956303322190706,58.28590528823212
IDBD-R101470,200128-1-1-IDBD-R101470-d-07-AH2M7LAFX2-ACTCGGCAAT-TTCAGTTGTC-5e31f8e7,200128-1-1-IDBD-R101470-d-07-AH2M7LAFX2-ACTCGGCAAT-TTCAGTTGTC-5e31f8e7.dna.sample_composition.out,200127B03,2020-01-28,ID-7,DNA,4918443,5207,34,10586.683631384973,69.12756740293625,10655.81119878791,4.027586517001621,4918443,3959,34,8049.295274947784,69.12756740293625,8118.42284235072,3.9094716674933654,0.11811484950825601,0.3859961373955132,36.784832110486995,0.10568385157660666,0.08923555686220212,0.07943570760096234,62.55481663607772
IDBD-R101471,200128-1-1-IDBD-R101471-d-08-AH2M7LAFX2-GTCTAATGGC-CCTGACCACT-5e31f8e7,200128-1-1-IDBD-R101471-d-08-AH2M7LAFX2-GTCTAATGGC-CCTGACCACT-5e31f8e7.dna.sample_composition.out,200127B03,2020-01-28,ID-8,DNA,4653746,4114,31,8840.190246738865,66.61300380381739,8906.803250542682,3.9497218589456184,4653746,3208,31,6893.3714904079425,66.61300380381739,6959.98449421176,3.842608272069503,0.10711358687611527,1.3109224267933832,36.63743143695423,0.08818702180995697,0.0856299419865201,0.07969923584140604,61.7981299366145
controlNeg,200128-1-1-RespNegCon01-d-09-AH2M7LAFX2-ACAGTGTATG-CCGTATGTTC-5e31f8e7,200128-1-1-RespNegCon01-d-09-AH2M7LAFX2-ACAGTGTATG-CCGTATGTTC-5e31f8e7.dna.sample_composition.out,200127B03,2020-01-28,,DNA,4137682,4169,25,10075.689721926432,60.42030296189992,10136.110024888332,4.005871316056772,4137682,3303,25,7982.730427326218,60.42030296189992,8043.150730288118,3.905426207546133,0.10044510851063881,1.166571041467179,39.30640392374281,0.10140943649125284,0.07467949446090831,0.07610541361080915,59.27483069022704
controlPos,200128-1-1-RespPosCon02-d-10-AH2M7LAFX2-TATGTAGTCA-CATTAGTGCG-5e31f8e7,200128-1-1-RespPosCon02-d-10-AH2M7LAFX2-TATGTAGTCA-CATTAGTGCG-5e31f8e7.dna.sample_composition.out,200127B03,2020-01-28,,DNA,3588255,7590,29,21152.342851887617,80.81922828784465,21233.16208017546,4.327014674887208,3588255,5957,29,16601.384238299674,80.81922828784465,16682.203466587518,4.222253413818369,0.10476126106883843,16.829238724672578,78.45769043727383,0.23200692258493336,0.09341588042098457,0.0521702052947742,4.335477829752902
IDBD-R101472,200128-1-1-IDBD-R101472-d-01-AH2M7LAFX2-AGTGTTGCAC-CGTGTACCAG-5e31f8e7,200128-1-1-IDBD-R101472-d-01-AH2M7LAFX2-AGTGTTGCAC-CGTGTACCAG-5e31f8e7.dna.sample_composition.out,200128B01,2020-01-28,ID-9,DNA,4827200,6141,22,12721.660589990057,45.575074577394766,12767.235664567452,4.106096874899762,4827200,4741,22,9821.42857142857,45.575074577394766,9867.003646005965,3.994185288680677,0.11191158621908537,0.4421610871726881,35.309827643354325,0.12709231024196221,0.10589990056347365,0.07080709313887969,63.94421196552867
IDBD-R101473,200128-1-1-IDBD-R101473-d-02-AH2M7LAFX2-GACACCATGT-TACACGTTGA-5e31f8e7,200128-1-1-IDBD-R101473-d-02-AH2M7LAFX2-GACACCATGT-TACACGTTGA-5e31f8e7.dna.sample_composition.out,200128B01,2020-01-28,ID-10,DNA,4601439,4533,19,9851.266093063496,41.291430789368285,9892.557523852864,3.9953085843077134,4601439,3561,19,7738.883423207392,41.291430789368285,7780.17485399676,3.890989357564573,0.10431922674314054,0.4048950773877476,35.789434566012936,0.09846919626664614,0.07601969731642645,0.06836991645439612,63.562811546561846
IDBD-R101474,200128-1-1-IDBD-R101474-d-03-AH2M7LAFX2-CCTGTCTGTC-TCACAACAGT-5e31f8e7,200128-1-1-IDBD-R101474-d-03-AH2M7LAFX2-CCTGTCTGTC-TCACAACAGT-5e31f8e7.dna.sample_composition.out,200128B01,2020-01-28,ID-11,DNA,4505114,4968,23,11027.467895374013,51.05309210821302,11078.520987482227,4.0444817847742325,4505114,3816,23,8470.373890649604,51.05309210821302,8521.426982757817,3.9305123270255145,0.11396945774871803,0.25262401794937933,35.89909156571843,0.1082547522659804,0.07788926095987804,0.07398258956377131,63.588157813542566
IDBD-R101475,200128-1-1-IDBD-R101475-d-04-AH2M7LAFX2-TGATGTAAGA-AAGGACGCAC-5e31f8e7,200128-1-1-IDBD-R101475-d-04-AH2M7LAFX2-TGATGTAAGA-AAGGACGCAC-5e31f8e7.dna.sample_composition.out,200128B01,2020-01-28,ID-12,DNA,4292845,3422,0,7971.403579677347,0.0,7971.403579677347,3.901534797335927,4292845,2556,2,5954.093380962974,4.658915008578227,5958.7522959715525,3.7751553322734805,0.12637946506244635,1.5369527667549143,39.82037553184426,0.07787376436838507,0.08351105152876473,0.0922698117448918,58.38901707375878
IDBD-R101476,200128-1-1-IDBD-R101476-d-05-AH2M7LAFX2-GGAATTGTAA-AGGATGTGCT-5e31f8e7,200128-1-1-IDBD-R101476-d-05-AH2M7LAFX2-GGAATTGTAA-AGGATGTGCT-5e31f8e7.dna.sample_composition.out,200128B01,2020-01-28,ID-13,DNA,5138270,5713,14,11118.528220587863,27.246524608477174,11145.77474519634,4.0471102617682,5138270,4425,14,8611.847956607964,27.246524608477174,8639.094481216442,3.936468223680238,0.11064203808796202,0.2589587546002838,36.452385725156525,0.11071819892687616,0.07438301218114268,0.06772707545535754,63.03582723367982
IDBD-R101477,200128-1-1-IDBD-R101477-d-06-AH2M7LAFX2-GCATAAGCTT-TGCGACGGAA-5e31f8e7,200128-1-1-IDBD-R101477-d-06-AH2M7LAFX2-GCATAAGCTT-TGCGACGGAA-5e31f8e7.dna.sample_composition.out,200128B01,2020-01-28,ID-14,DNA,4642698,4805,10,10349.585521177556,21.539199835957454,10371.124721013513,4.015825857029618,4642698,3663,10,7889.808899911215,21.539199835957454,7911.3480997471725,3.8982504939143587,0.11757536311525962,1.627717331603305,36.32267272176652,0.10192349362375067,0.08673835773940067,0.07032548746440109,61.79062260780262
IDBD-R101478,200128-1-1-IDBD-R101478-d-07-AH2M7LAFX2-CTGAGGAATA-AGTGGTTAAG-5e31f8e7,200128-1-1-IDBD-R101478-d-07-AH2M7LAFX2-CTGAGGAATA-AGTGGTTAAG-5e31f8e7.dna.sample_composition.out,200128B01,2020-01-28,ID-15,DNA,4804101,4781,22,9951.914000142795,45.79420790695283,9997.708208049748,3.9999004573332435,4804101,3707,22,7716.324032321552,45.79420790695283,7762.118240228505,3.8899802540555886,0.10992020327765495,0.24420802143835027,36.20698232614177,0.09914446011855288,0.0750400543202568,0.06658894140651914,63.30803619657455
IDBD-R101479,200128-1-1-IDBD-R101479-d-08-AH2M7LAFX2-AACGCACGAG-TATCCGAGGC-5e31f8e7,200128-1-1-IDBD-R101479-d-08-AH2M7LAFX2-AACGCACGAG-TATCCGAGGC-5e31f8e7.dna.sample_composition.out,200128B01,2020-01-28,ID-16,DNA,4949751,4654,14,9402.493175919355,28.284251066366775,9430.777426985722,3.974547495317734,4949751,3601,14,7275.113434999053,28.284251066366775,7303.39768606542,3.863524949574951,0.11102254574278314,0.26619520860746326,36.972001217839036,0.09410574390509745,0.08073133375800116,0.0686095118724154,62.518356984017984
controlNeg,200128-1-1-RespNegCon01-d-09-AH2M7LAFX2-TCTATCCTAA-CCAGTCGACG-5e31f8e7,200128-1-1-RespNegCon01-d-09-AH2M7LAFX2-TCTATCCTAA-CCAGTCGACG-5e31f8e7.dna.sample_composition.out,200128B01,2020-01-28,,DNA,4670330,4068,12,8710.305267507863,25.69411583335653,8735.999383341219,3.941312594704582,4670330,3136,12,6714.72893778384,25.69411583335653,6740.423053617196,3.828687155301729,0.11262543940285275,0.3498467988343436,36.53493436223993,0.08663199388480043,0.0764828181306246,0.06806799519520033,62.884036031715105
controlPos,200128-1-1-RespPosCon02-d-10-AH2M7LAFX2-CTCGCTTCGG-TTGACTAGTA-5e31f8e7,200128-1-1-RespPosCon02-d-10-AH2M7LAFX2-CTCGCTTCGG-TTGACTAGTA-5e31f8e7.dna.sample_composition.out,200128B01,2020-01-28,,DNA,3476185,12026,8,34595.396965351385,23.013734884650844,34618.41070023603,4.539307125932179,3476185,9594,8,27599.221560417525,23.013734884650844,27622.235295302176,4.441258820409689,0.09804830552249033,3.789038845746127,93.16279196878187,0.3638471485263299,0.032852106547839086,0.035297315879333234,2.6161726145185025
