Accession,Seq Sple,Composition File,Batch ID,Run Date,T7 Raw Reads (Composition File),T4 Raw Reads (Composition File),T7 Normalized (Composition File),T4 Normalized (Composition File),T7 + PR772 NR (Composition File),Log10 T7 + PR772 NR (Composition File),Human,Bacteria,Virus,Parasite,Fungus,Unclassified
controlneg,191121-1-1-RespNegCon01-d-05-AHTKN5AFXY-TCCATTGCCG-TCGTGCATTC-5dd848d2,191121-1-1-RespNegCon01-d-05-AHTKN5AFXY-TCCATTGCCG-TCGTGCATTC-5dd848d2.dna.sample_composition.out,191121B01,2019-11-21,105656,186,99090.16664959768,174.44130950277474,99264.60795910045,4.996794431699108,0.7930514586857329,35.17475830500069,1.49720349948024,0.08081509483792526,0.10946661099550467,62.34470503099991
controlneg,191124-1-1-RespNegCon01-d-03-AHTJFJAFXY-GTCCTGGATA-TTCGCCACCG-5ddbd271,191124-1-1-RespNegCon01-d-03-AHTJFJAFXY-GTCCTGGATA-TTCGCCACCG-5ddbd271.dna.sample_composition.out,191123B01,2019-11-24,156091,337,110116.21422471704,237.74057564965082,110353.95480036669,5.042787901767721,0.8817071325347272,35.28999941093952,1.6360784374588848,0.08039440949861783,0.12305367540228068,61.988766934165966
controlneg,191126-2-1-RespNegCon01-d-05-AHTMNYAFXY-TGGTACCTAA-AGTACTCATG-5dded949,191126-2-1-RespNegCon01-d-05-AHTMNYAFXY-TGGTACCTAA-AGTACTCATG-5dded949.dna.sample_composition.out,191126B01,2019-11-26,99916,189,113180.21147377478,214.09043565138148,113394.30190942615,5.054591231704433,0.6219610344079578,35.430279297398236,1.648292458862636,0.11106649320432779,0.1033184583902778,62.085082257736566
controlneg,191127-2-1-RespNegCon01-d-02-AHY3K3AFXY-AGTCAGACGA-TGTCGCTGGT-5de00e6e,191127-2-1-RespNegCon01-d-02-AHY3K3AFXY-AGTCAGACGA-TGTCGCTGGT-5de00e6e.dna.sample_composition.out,191127B01,2019-11-27,196819,375,115372.45879760208,219.81959083777878,115592.27838843987,5.062928824004099,1.6024965409189185,33.65706408720003,1.7028808207348376,0.17993552427617218,0.18077376964923358,62.67684925722081
controlneg,191201-2-1-RespNegCon01-d-03-AHY2VHAFXY-CCTGTCTGTC-TCACAACAGT-5de53c0e,191201-2-1-RespNegCon01-d-03-AHY2VHAFXY-CCTGTCTGTC-TCACAACAGT-5de53c0e.dna.sample_composition.out,191130B01,2019-12-01,168680,254,151314.0360991801,227.85016106943178,151541.88626024954,5.180532688663176,0.8654987043488971,35.08228665039362,2.1036490382704844,0.08727378807261818,0.11937016115554837,61.74192165775883
controlneg,191204-2-1-RespNegCon01-d-03-AHY2YCAFXY-CTGTTGGTCC-AACGGTCTAT-5de8e427,191204-2-1-RespNegCon01-d-03-AHY2YCAFXY-CTGTTGGTCC-AACGGTCTAT-5de8e427.dna.sample_composition.out,191203B01,2019-12-04,211216,319,119808.74481995477,180.94741685083312,119989.6922368056,5.079143939406351,0.8336343923975765,34.620391321761886,1.7681285346078384,0.12909095024110534,0.25569741870852214,62.39305738228307
controlneg,191210-1-1-RespNegCon01-d-03-AHY222AFXY-TCAGAAGGCG-TATGATGGCC-5df1495e,191210-1-1-RespNegCon01-d-03-AHY222AFXY-TCAGAAGGCG-TATGATGGCC-5df1495e.dna.sample_composition.out,191210B01,2019-12-10,230215,308,168797.51703446047,225.8307896818792,169023.34782414234,5.227946699470661,1.0271854811332306,33.102240490727375,2.3463159152782596,0.0838726754276304,0.23745227674830058,63.202933160685205
controlneg,191211-1-1-RespNegCon01-d-09-AHVYMFAFXY-ACACAGGTGG-ACAACGCTCA-5df24606,191211-1-1-RespNegCon01-d-09-AHVYMFAFXY-ACACAGGTGG-ACAACGCTCA-5df24606.dna.sample_composition.out,191210B02,2019-12-11,21224,36,81159.04787251941,137.66140800088104,81296.7092805203,4.910072966624383,1.5736610898500714,34.14641514397854,1.2435413856079587,0.12202154248078094,0.10079874208064511,62.81356209600201
controlneg,191212-2-1-RespNegCon01-d-09-AHW3MKAFXY-ATGGTTGACT-AGGACAGGCC-5df40ad8,191212-2-1-RespNegCon01-d-09-AHW3MKAFXY-ATGGTTGACT-AGGACAGGCC-5df40ad8.dna.sample_composition.out,191211B02,2019-12-13,5734,1,41452.62010343636,7.2292675450708686,41459.849370981436,4.617627719912439,4.550462456244858,59.80310366914245,0.60798140054046,0.11682496352834523,0.2739892399581859,34.6476382705857
controlneg,191220-1-1-RespNegCon01-d-03-AHWYVLAFXY-TCAGAAGGCG-TATGATGGCC-5dfe7732,191220-1-1-RespNegCon01-d-03-AHWYVLAFXY-TCAGAAGGCG-TATGATGGCC-5dfe7732.dna.sample_composition.out,191220B01,2019-12-20,6061,6,5231.783729230289,5.179129248536832,5236.962858478826,3.719079493814624,0.16271097722486544,34.53972517295918,0.06839040172692885,0.07544264938701985,0.06460100549341607,65.08912979320858
controlneg,191223-1-1-RespNegCon01-d-03-AHY27JAFXY-TTCTACATAC-TTACAGTTAG-5e028a2b,191223-1-1-RespNegCon01-d-03-AHY27JAFXY-TTCTACATAC-TTACAGTTAG-5e028a2b.dna.sample_composition.out,191223B01,2019-12-24,6678,9,6326.801165351678,8.526686206673421,6335.3278515583515,3.801769094426791,0.04866843004853485,35.52790656495151,0.08076666656876767,0.12240531754468954,0.06586391389865957,64.15438910698784
controlneg,191225-1-1-RespNegCon01-d-04-AHWYKYAFXY-TATGTAGTCA-CATTAGTGCG-5e04b4b2,191225-1-1-RespNegCon01-d-04-AHWYKYAFXY-TATGTAGTCA-CATTAGTGCG-5e04b4b2.dna.sample_composition.out,191223B04,2019-12-25,6791,14,6450.354826505782,13.297742242833301,6463.652568748615,3.8104780043985746,0.9820192678586066,35.5531856023825,0.08263596965189265,0.16207098277818902,0.06683065315755364,63.15325752417126
controlneg,200117-1-1-RespNegCon01-d-03-AH2L7FAFX2-TGGTACCTAA-AGTACTCATG-5e22f438,200117-1-1-RespNegCon01-d-03-AH2L7FAFX2-TGGTACCTAA-AGTACTCATG-5e22f438.dna.sample_composition.out,200114B02,2020-01-17,6634,50,7692.565472904347,57.978334887732494,7750.54380779208,3.8893321753369854,1.0669868926059185,36.41324684357248,0.09893423065242672,0.08745452034465569,0.2164563154698605,62.11692119735466
controlneg,200117-2-1-RespNegCon01-d-05-AH2L3HAFX2-GACGAGATTA-AGGATAATGT-5e237e7f,200117-2-1-RespNegCon01-d-05-AH2L3HAFX2-GACGAGATTA-AGGATAATGT-5e237e7f.dna.sample_composition.out,200117B01,2020-01-18,6070,19,7233.678194273715,22.642485286853475,7256.320679560568,3.860716467310886,0.21426941339875025,35.3531065787741,0.0926554332133083,0.07823574521483845,0.06510310374846344,64.19662972565054
controlneg,200118-2-1-RespNegCon01-d-02-AH2L7YAFX2-GTCCTGGATA-TTCGCCACCG-5e24c40c,200118-2-1-RespNegCon01-d-02-AH2L7YAFX2-GTCCTGGATA-TTCGCCACCG-5e24c40c.dna.sample_composition.out,200116B03,2020-01-18,7371,25,6824.277132126004,23.145696418823785,6847.422828544828,3.8355271463913514,0.03255210744343377,35.615514430693636,0.08699078542050731,0.07524202991831236,0.062456347216554096,64.12724429930755
